City_ID,City,Country,Date,Max Temp,Lat,Lng,Humidity,Cloudiness,Wind Speed
0,Sao Filipe,CV,2022-08-07 23:19:15,79.23,14.8961,-24.4956,85,96,5.64
1,Chicama,PE,2022-08-07 23:19:15,59.54,-7.8447,-79.1469,75,47,8.43
2,Chanika,TZ,2022-08-07 23:19:15,58.41,-5.4167,38.0167,98,73,2.77
3,Katsuura,JP,2022-08-07 23:19:15,82.81,35.1333,140.3,80,6,14.47
4,Akyab,MM,2022-08-07 23:19:16,80.37,20.15,92.9,88,100,12.39
5,Tura,IN,2022-08-07 23:19:16,73.8,25.5198,90.2201,99,99,6.64
6,Ushuaia,AR,2022-08-07 23:19:16,35.26,-54.8,-68.3,75,0,9.22
7,Sale,MA,2022-08-07 23:19:17,72.28,34.0389,-6.8166,73,75,4.61
8,Bethel,US,2022-08-07 23:19:17,85.86,41.3712,-73.414,80,100,10.36
9,Port Alfred,ZA,2022-08-07 23:19:17,62.19,-33.5906,26.891,97,93,1.99
10,Tuktoyaktuk,CA,2022-08-07 23:19:17,50.0,69.4541,-133.0374,71,75,6.91
11,Sitka,US,2022-08-07 23:19:18,57.09,57.0531,-135.33,82,100,6.91
12,Vardo,NO,2022-08-07 23:19:18,48.18,70.3705,31.1107,87,100,14.97
13,Mataura,NZ,2022-08-07 23:19:18,39.47,-46.1927,168.8643,71,8,8.57
14,Dunnville,CA,2022-08-07 23:19:19,88.09,42.9001,-79.6163,67,74,12.73
15,Dikson,RU,2022-08-07 23:19:19,42.03,73.5069,80.5464,100,100,9.98
16,Rikitea,PF,2022-08-07 23:19:19,72.34,-23.1203,-134.9692,69,100,32.14
17,San Policarpo,PH,2022-08-07 23:19:19,76.82,12.1791,125.5072,85,89,2.93
18,Albany,US,2022-08-07 23:17:33,87.4,42.6001,-73.9662,70,54,7.78
19,Necochea,AR,2022-08-07 23:19:20,40.55,-38.5473,-58.7368,79,95,6.85
20,Barrow,US,2022-08-07 23:19:20,44.62,71.2906,-156.7887,76,100,12.66
21,Jamestown,US,2022-08-07 23:14:35,83.84,42.097,-79.2353,69,0,9.22
22,San Patricio,US,2022-08-07 23:19:20,92.17,28.017,-97.5169,49,67,16.69
23,Sestri Levante,IT,2022-08-07 23:19:21,80.51,44.2732,9.3968,84,55,3.0
24,Young,UY,2022-08-07 23:19:21,52.63,-32.6833,-57.6333,68,100,11.34
25,Yumen,CN,2022-08-07 23:19:21,70.54,40.2833,97.2,49,89,6.96
26,Saint-Philippe,RE,2022-08-07 23:19:21,67.59,-21.3585,55.7679,82,15,5.19
27,Hobart,AU,2022-08-07 23:16:16,40.26,-42.8794,147.3294,96,20,9.22
28,Atuona,PF,2022-08-07 23:19:22,77.16,-9.8,-139.0333,68,78,17.9
29,Spiridonovka,RU,2022-08-07 23:19:22,66.87,53.0925,50.6462,60,96,4.07
30,Hurghada,EG,2022-08-07 23:19:22,91.44,27.2574,33.8129,17,0,11.5
31,Punta Arenas,CL,2022-08-07 23:19:23,37.51,-53.15,-70.9167,81,20,11.5
32,Krasnovishersk,RU,2022-08-07 23:19:23,65.43,60.4078,57.082,75,87,2.51
33,Dombasle-Sur-Meurthe,FR,2022-08-07 23:19:23,65.71,48.6252,6.3497,47,0,5.75
34,Leningradskiy,RU,2022-08-07 23:19:23,32.83,69.3833,178.4167,95,100,21.41
35,Cooma,AU,2022-08-07 23:19:24,38.97,-36.2333,149.1333,93,100,6.91
36,Jasa Tomic,RS,2022-08-07 23:19:24,71.65,45.4469,20.8553,65,11,9.51
37,Seymchan,RU,2022-08-07 23:19:25,72.79,62.8833,152.4333,59,42,4.74
38,Voh,NC,2022-08-07 23:19:25,76.06,-20.9667,164.7,77,36,5.84
39,Bredasdorp,ZA,2022-08-07 23:19:25,55.22,-34.5322,20.0403,91,36,3.8
40,Harper,LR,2022-08-07 23:19:26,73.6,4.375,-7.7169,80,99,9.17
41,Campoverde,PE,2022-08-07 23:19:26,83.89,-8.4753,-74.8058,67,89,0.27
42,Lalmohan,BD,2022-08-07 23:19:26,83.43,22.3384,90.7419,80,100,15.46
43,Vaini,TO,2022-08-07 23:20:27,80.76,-21.2,-175.2,89,20,9.22
44,Iqaluit,CA,2022-08-07 23:20:27,43.7,63.7506,-68.5145,87,75,5.01
45,Busselton,AU,2022-08-07 23:20:27,57.24,-33.65,115.3333,78,89,22.7
46,Mehamn,NO,2022-08-07 23:20:28,49.95,71.0357,27.8492,87,100,9.22
47,Soe,ID,2022-08-07 23:20:28,66.4,-9.8607,124.284,78,16,3.71
48,Bambous Virieux,MU,2022-08-07 23:20:28,66.22,-20.3428,57.7575,94,40,3.44
49,Souillac,MU,2022-08-07 23:20:28,64.78,-20.5167,57.5167,94,40,3.44
50,Alyangula,AU,2022-08-07 23:20:29,76.53,-13.8483,136.4192,65,0,18.32
51,Levin,NZ,2022-08-07 23:20:29,52.68,-40.6333,175.275,72,100,0.51
52,Mayumba,GA,2022-08-07 23:20:30,67.23,-3.432,10.6554,90,59,3.29
53,Ambilobe,MG,2022-08-07 23:20:30,61.14,-13.2,49.05,87,25,3.65
54,Ocampo,MX,2022-08-07 23:20:30,74.21,21.65,-101.5,32,89,21.54
55,Antofagasta,CL,2022-08-07 23:20:24,56.48,-23.65,-70.4,68,3,8.48
56,Avarua,CK,2022-08-07 23:20:31,75.25,-21.2078,-159.775,60,100,19.57
57,Tiksi,RU,2022-08-07 23:20:31,46.74,71.6872,128.8694,96,100,2.73
58,Hilo,US,2022-08-07 23:17:15,90.28,19.7297,-155.09,73,40,11.5
59,Arraial Do Cabo,BR,2022-08-07 23:20:32,70.93,-22.9661,-42.0278,92,95,12.86
60,Ahipara,NZ,2022-08-07 23:20:32,59.2,-35.1667,173.1667,82,10,9.19
61,Mullovka,RU,2022-08-07 23:20:32,62.42,54.2,49.4,62,83,3.0
62,Poum,NC,2022-08-07 23:20:33,74.97,-20.2333,164.0167,81,4,13.67
63,Ribeira Grande,PT,2022-08-07 23:20:33,74.41,38.5167,-28.7,83,26,15.61
64,Meulaboh,ID,2022-08-07 23:20:33,75.78,4.1363,96.1285,88,90,3.4
65,Padang,ID,2022-08-07 23:20:34,73.45,-0.9492,100.3543,85,70,3.02
66,Grand Gaube,MU,2022-08-07 23:19:00,66.38,-20.0064,57.6608,78,5,1.99
67,Dosso,NE,2022-08-07 23:20:34,81.23,13.049,3.1937,72,94,11.7
68,Forestville,US,2022-08-07 23:20:35,89.29,38.8451,-76.875,64,0,11.5
69,Ponta Do Sol,PT,2022-08-07 23:20:35,71.71,32.6667,-17.1,83,1,2.77
70,Ouango,CF,2022-08-07 23:20:36,69.75,4.3133,22.5552,98,100,2.42
71,Saurimo,AO,2022-08-07 23:20:36,62.62,-9.6608,20.3916,29,65,4.7
72,Ozark,US,2022-08-07 23:15:45,91.33,37.0209,-93.206,61,100,7.47
73,Martinopolis,BR,2022-08-07 23:20:36,69.12,-22.1458,-51.1708,60,100,8.95
74,Orlik,RU,2022-08-07 23:20:37,46.22,52.5178,99.825,71,0,0.76
75,Khandbari,NP,2022-08-07 23:20:37,72.86,27.3747,87.2039,88,47,2.89
76,Tessalit,ML,2022-08-07 23:20:38,96.13,20.1986,1.0114,14,80,2.71
77,Manokwari,ID,2022-08-07 23:20:38,81.23,-0.8667,134.0833,69,100,1.59
78,Bluff,NZ,2022-08-07 23:20:38,39.79,-46.6,168.3333,57,38,19.91
79,Port Keats,AU,2022-08-07 23:20:39,76.3,-14.25,129.55,62,100,6.58
80,Kapaa,US,2022-08-07 23:19:45,82.72,22.0752,-159.319,76,40,10.36
81,Baiyin,CN,2022-08-07 23:20:39,73.45,36.5583,104.2081,61,41,6.33
82,Esperance,AU,2022-08-07 23:20:40,48.78,-33.8667,121.9,85,0,14.52
83,Bengkulu,ID,2022-08-07 23:20:40,74.39,-3.8004,102.2655,87,10,5.64
84,Abha,SA,2022-08-07 23:20:40,66.02,18.2164,42.5053,88,0,0.0
85,Kargil,IN,2022-08-07 23:19:19,58.21,34.5667,76.1,64,20,5.46
86,Sept-Iles,CA,2022-08-07 23:17:01,66.72,50.2001,-66.3821,54,75,18.41
87,Ilulissat,GL,2022-08-07 23:21:41,44.62,69.2167,-51.1,87,100,4.61
88,Saint-Augustin,CA,2022-08-07 23:21:42,70.29,51.226,-58.6502,76,100,16.4
89,Chokurdakh,RU,2022-08-07 23:21:42,50.0,70.6333,147.9167,48,100,16.13
90,Gondanglegi,ID,2022-08-07 23:21:42,72.7,-7.7479,112.0132,91,8,9.53
91,Cape Town,ZA,2022-08-07 23:18:04,57.11,-33.9258,18.4232,88,0,8.05
92,Sur,OM,2022-08-07 23:21:43,86.56,22.5667,59.5289,62,50,5.75
93,Conde,BR,2022-08-07 23:18:17,72.86,-7.2597,-34.9075,88,0,4.61
94,Massakory,TD,2022-08-07 23:21:43,79.79,12.996,15.7293,74,77,11.48
95,Hermanus,ZA,2022-08-07 23:21:43,49.8,-34.4187,19.2345,86,43,2.55
96,Avare,BR,2022-08-07 23:21:44,64.54,-23.0986,-48.9258,71,100,9.55
97,Monteagudo,BO,2022-08-07 23:21:44,62.56,-19.8167,-63.9833,74,100,1.86
98,Partyzany,UA,2022-08-07 23:21:44,76.39,46.3314,34.7503,36,27,9.82
99,Torbay,CA,2022-08-07 23:21:45,70.75,47.6666,-52.7314,88,75,18.41
100,Broome,US,2022-08-07 23:21:24,85.62,42.2506,-75.833,68,0,9.22
101,Sinop,TR,2022-08-07 23:21:45,63.66,41.7711,34.8709,76,0,4.29
102,East London,ZA,2022-08-07 23:20:16,66.83,-33.0153,27.9116,88,99,19.39
103,Kodiak,US,2022-08-07 23:21:46,62.11,57.79,-152.4072,55,0,6.91
104,Saraza,PH,2022-08-07 23:21:46,78.4,8.7356,117.78,87,94,6.29
105,Vao,NC,2022-08-07 23:21:46,71.98,-22.6667,167.4833,83,4,9.48
106,Yellowknife,CA,2022-08-07 23:21:46,63.12,62.456,-114.3525,67,75,3.44
107,Tres Arroyos,AR,2022-08-07 23:18:38,39.69,-38.3739,-60.2798,82,85,7.45
108,Ikornnes,NO,2022-08-07 23:21:47,59.16,62.3873,6.557,93,100,3.96
109,Pevek,RU,2022-08-07 23:18:31,32.43,69.7008,170.3133,94,100,16.02
110,Islamkot,PK,2022-08-07 23:21:47,86.43,24.6997,70.177,74,89,5.46
111,Tuatapere,NZ,2022-08-07 23:21:48,39.38,-46.1333,167.6833,72,24,11.77
112,Mar Del Plata,AR,2022-08-07 23:18:36,46.09,-38.0023,-57.5575,83,75,8.05
113,Hithadhoo,MV,2022-08-07 23:21:41,81.52,-0.6,73.0833,72,99,5.06
114,New Norfolk,AU,2022-08-07 23:20:46,40.91,-42.7826,147.0587,84,11,2.51
115,San Quintin,MX,2022-08-07 23:21:48,77.83,30.4833,-115.95,71,84,6.71
116,Porto Walter,BR,2022-08-07 23:21:48,77.59,-8.2686,-72.7439,80,59,1.83
117,Port Elizabeth,ZA,2022-08-07 23:21:49,61.09,-33.918,25.5701,99,100,4.61
118,Bergen,NO,2022-08-07 23:21:49,57.07,60.392,5.328,95,75,3.44
119,Coelho Neto,BR,2022-08-07 23:21:49,78.87,-4.2567,-43.0128,43,3,2.28
120,Lujiang,CN,2022-08-07 23:21:50,82.17,31.2581,117.2817,76,59,10.96
121,Hambantota,LK,2022-08-07 23:21:50,77.81,6.1241,81.1185,82,96,17.98
122,Hualmay,PE,2022-08-07 23:21:50,62.44,-11.0964,-77.6139,81,63,12.82
123,Praia Da Vitoria,PT,2022-08-07 23:17:12,72.75,38.7333,-27.0667,94,20,6.55
124,Touros,BR,2022-08-07 23:19:44,75.25,-5.1989,-35.4608,79,6,11.86
125,Kunming,CN,2022-08-07 23:17:46,60.73,25.0389,102.7183,100,75,4.47
126,Sao Jose Da Coroa Grande,BR,2022-08-07 23:21:51,76.28,-8.8978,-35.1478,66,65,9.48
127,Santa Cruz De Tenerife,ES,2022-08-07 23:19:30,75.79,28.4682,-16.2546,71,0,5.75
128,Espumoso,BR,2022-08-07 23:21:51,54.39,-28.7247,-52.8497,92,100,9.46
129,Nikolskoye,RU,2022-08-07 23:21:52,58.89,59.7035,30.7861,78,27,4.05
130,Fairbanks,US,2022-08-07 23:21:34,59.59,64.8378,-147.7164,62,40,9.22
131,Awjilah,LY,2022-08-07 23:22:52,79.38,29.1081,21.2869,60,0,11.18
132,Ler,SS,2022-08-07 23:22:52,71.78,8.3018,30.1418,93,100,4.72
133,Cherskiy,RU,2022-08-07 23:22:53,46.44,68.75,161.3,55,95,2.98
134,Gwadar,PK,2022-08-07 23:22:53,80.51,25.1216,62.3254,88,100,4.45
135,Baykit,RU,2022-08-07 23:18:11,56.52,61.67,96.37,86,60,3.24
136,Victoria,HK,2022-08-07 23:18:35,84.38,22.2855,114.1577,85,76,8.01
137,Khatanga,RU,2022-08-07 23:22:06,53.28,71.9667,102.5,76,78,7.63
138,Tabou,CI,2022-08-07 23:22:53,73.9,4.423,-7.3528,80,91,9.91
139,Helong,CN,2022-08-07 23:22:54,74.35,42.5397,128.9972,92,75,3.24
140,Puerto Ayora,EC,2022-08-07 23:22:54,68.56,-0.7393,-90.3518,93,57,5.99
141,Zhangye,CN,2022-08-07 23:22:54,72.7,38.9342,100.4517,47,5,1.72
142,Moerai,PF,2022-08-07 23:22:55,71.04,-22.4333,-151.3333,65,99,28.54
143,Rawson,AR,2022-08-07 23:20:53,42.42,-43.3002,-65.1023,76,100,8.12
144,Hirara,JP,2022-08-07 23:22:55,85.86,24.8,125.2833,79,20,11.5
145,Beringovskiy,RU,2022-08-07 23:22:55,45.25,63.05,179.3167,60,43,23.53
146,Carutapera,BR,2022-08-07 23:22:55,77.34,-1.195,-46.02,87,72,7.36
147,Saveh,IR,2022-08-07 23:22:56,89.76,35.0213,50.3566,21,46,4.97
148,Dalnerechensk,RU,2022-08-07 23:22:56,71.73,45.9339,133.7225,97,95,8.63
149,Bahile,PH,2022-08-07 23:22:56,76.87,9.9995,118.7878,88,100,5.39
150,Tarakan,ID,2022-08-07 23:22:56,78.3,3.3,117.6333,89,20,3.44
151,Longyearbyen,SJ,2022-08-07 23:22:57,46.24,78.2186,15.6401,93,75,11.5
152,Norman Wells,CA,2022-08-07 23:22:57,66.24,65.282,-126.8329,45,100,6.91
153,Cortez,US,2022-08-07 23:18:23,90.36,37.3489,-108.5859,17,0,11.12
154,Aswan,EG,2022-08-07 23:22:57,94.3,24.0934,32.907,20,0,8.05
155,Ampanihy,MG,2022-08-07 23:22:58,60.53,-24.7,44.75,93,0,7.45
156,Severo-Kurilsk,RU,2022-08-07 23:19:47,58.51,50.6789,156.125,87,21,5.19
157,Butaritari,KI,2022-08-07 23:22:58,81.9,3.0707,172.7902,71,100,15.5
158,Nokaneng,BW,2022-08-07 23:20:44,63.39,-19.6667,22.2667,30,2,3.94
159,Nouadhibou,MR,2022-08-07 23:22:58,73.38,20.931,-17.0347,88,54,12.66
160,Mahebourg,MU,2022-08-07 23:22:59,66.25,-20.4081,57.7,94,40,3.44
161,Carnarvon,AU,2022-08-07 23:22:59,61.57,-24.8667,113.6333,79,0,11.45
162,Vung Tau,VN,2022-08-07 23:19:54,79.02,10.346,107.0843,81,100,12.95
163,Nome,US,2022-08-07 23:22:59,50.07,64.5011,-165.4064,81,100,4.61
164,Srednekolymsk,RU,2022-08-07 23:21:02,60.85,67.45,153.6833,35,91,14.67
165,Cabo Rojo,PR,2022-08-07 23:23:00,84.88,18.0866,-67.1457,81,40,1.01
166,Ulladulla,AU,2022-08-07 23:23:00,51.6,-35.35,150.4667,78,31,9.35
167,Nemuro,JP,2022-08-07 23:23:00,66.54,43.3236,145.575,97,100,16.31
168,Ginir,ET,2022-08-07 23:23:00,61.25,7.1333,40.7,75,100,8.88
169,Bandarbeyla,SO,2022-08-07 23:23:01,75.96,9.4942,50.8122,73,5,30.36
170,Houma,US,2022-08-07 23:18:01,84.99,29.5958,-90.7195,84,98,1.99
171,Acapulco,MX,2022-08-07 23:23:01,85.82,16.8634,-99.8901,70,75,11.5
172,Walvis Bay,NA,2022-08-07 23:20:34,52.09,-22.9575,14.5053,87,25,4.61
173,Palmer,US,2022-08-07 23:18:05,86.61,42.1584,-72.3287,78,75,12.66
174,Qaqortoq,GL,2022-08-07 23:23:02,44.73,60.7167,-46.0333,82,0,5.19
175,Lorengau,PG,2022-08-07 23:23:02,83.28,-2.0226,147.2712,73,82,8.37
176,Cap Malheureux,MU,2022-08-07 23:23:02,66.47,-19.9842,57.6142,78,5,3.0
177,Karratha,AU,2022-08-07 23:23:02,63.12,-20.7377,116.8463,41,0,6.82
178,Nanortalik,GL,2022-08-07 23:23:03,44.42,60.1432,-45.2371,84,15,8.48
179,Puerto Lempira,HN,2022-08-07 23:23:03,80.67,15.2667,-83.7667,86,100,9.91
180,Agirish,RU,2022-08-07 23:24:03,67.44,61.9247,63.0231,63,43,4.52
181,Ahuimanu,US,2022-08-07 23:24:04,87.51,21.4447,-157.8378,60,40,13.8
182,Tasiilaq,GL,2022-08-07 23:24:04,42.96,65.6145,-37.6368,98,100,6.87
183,Upernavik,GL,2022-08-07 23:24:04,42.42,72.7868,-56.1549,82,87,7.47
184,Dingle,PH,2022-08-07 23:24:04,75.52,10.9995,122.6711,91,99,3.53
185,Acarau,BR,2022-08-07 23:24:05,78.35,-2.8856,-40.12,80,34,17.85
186,Camargo,MX,2022-08-07 23:24:05,87.62,27.6667,-105.1667,28,68,6.38
187,Ust-Ilimsk,RU,2022-08-07 23:24:05,53.76,58.0006,102.6619,97,94,3.36
188,Qaanaaq,GL,2022-08-07 23:24:06,43.39,77.484,-69.3632,54,3,4.65
189,Skibbereen,IE,2022-08-07 23:24:06,56.1,51.55,-9.2667,86,0,3.94
190,Natal,BR,2022-08-07 23:24:02,77.22,-5.795,-35.2094,88,40,5.75
191,Mount Gambier,AU,2022-08-07 23:24:06,44.29,-37.8333,140.7667,80,32,4.29
192,Georgetown,MY,2022-08-07 23:24:07,80.89,5.4112,100.3354,92,20,2.3
193,Vale Da Amoreira,PT,2022-08-07 23:24:07,65.77,39.0697,-7.6985,72,0,5.44
194,Ancud,CL,2022-08-07 23:24:08,45.23,-41.8697,-73.8203,81,12,2.08
195,Kruisfontein,ZA,2022-08-07 23:23:52,57.88,-34.0033,24.7314,92,87,10.6
196,Les Cayes,HT,2022-08-07 23:24:08,84.42,18.2,-73.75,69,38,6.24
197,Saskylakh,RU,2022-08-07 23:24:08,51.04,71.9167,114.0833,61,100,7.81
198,Nalut,LY,2022-08-07 23:24:09,84.07,30.3333,10.85,29,13,15.99
199,Howard Springs,AU,2022-08-07 23:24:09,80.87,-12.497,131.047,88,13,7.49
200,Lososina,RU,2022-08-07 23:24:09,63.03,48.9975,140.3106,99,100,10.58
201,Port Lincoln,AU,2022-08-07 23:22:27,49.1,-34.7333,135.8667,73,1,6.64
202,Dormidontovka,RU,2022-08-07 23:24:10,69.17,47.7702,134.9076,97,89,6.93
203,Trondheim,NO,2022-08-07 23:19:26,51.89,63.4305,10.3951,92,29,0.78
204,Dillon,US,2022-08-07 23:24:10,83.25,34.4166,-79.3712,56,93,6.82
205,Bathsheba,BB,2022-08-07 23:24:11,81.21,13.2167,-59.5167,94,20,16.11
206,Pombas,CV,2022-08-07 23:24:11,76.78,17.1503,-25.0201,93,74,11.95
207,Carbondale,US,2022-08-07 23:21:03,88.09,37.7273,-89.2168,62,0,8.05
208,Nantucket,US,2022-08-07 23:21:57,82.51,41.2835,-70.0995,89,0,13.8
209,Lamar,US,2022-08-07 23:24:11,100.98,33.6668,-95.5836,36,75,4.61
210,Linxia,CN,2022-08-07 23:24:12,68.54,35.6003,103.2064,72,47,2.37
211,Mount Isa,AU,2022-08-07 23:24:12,62.37,-20.7333,139.5,29,0,11.5
212,Hasaki,JP,2022-08-07 23:24:12,86.4,35.7333,140.8333,83,9,13.94
213,Pilar,BR,2022-08-07 23:24:13,71.53,-9.5972,-35.9567,83,66,4.54
214,Huarmey,PE,2022-08-07 23:24:13,63.41,-10.0681,-78.1522,83,70,12.26
215,Kutum,SD,2022-08-07 23:24:13,74.62,14.2,24.6667,64,66,8.37
216,Faanui,PF,2022-08-07 23:24:14,77.11,-16.4833,-151.75,69,82,23.64
217,Thompson,CA,2022-08-07 23:24:14,75.36,55.7435,-97.8558,46,40,16.11
218,Kaeo,NZ,2022-08-07 23:24:14,57.33,-35.1,173.7833,97,20,7.29
219,Caravelas,BR,2022-08-07 23:20:47,73.38,-17.7125,-39.2481,78,2,9.26
220,Namibe,AO,2022-08-07 23:24:15,61.09,-15.1961,12.1522,90,32,4.03
221,Kaitangata,NZ,2022-08-07 23:21:58,42.12,-46.2817,169.8464,57,73,12.93
222,Manaure,CO,2022-08-07 23:24:15,84.18,11.7751,-72.4445,67,63,21.12
223,Minas Novas,BR,2022-08-07 23:24:15,71.46,-17.2186,-42.5903,40,22,2.8
224,Labrea,BR,2022-08-07 23:24:16,78.48,-7.2586,-64.7981,72,75,2.08
225,Northam,GB,2022-08-07 23:24:16,58.39,51.0333,-4.2167,79,0,5.28
226,Nyrob,RU,2022-08-07 23:24:16,63.19,60.733,56.7202,79,51,2.68
227,Klaksvik,FO,2022-08-07 23:21:12,54.52,62.2266,-6.589,98,99,14.74
228,Nabire,ID,2022-08-07 23:25:17,77.85,-3.3667,135.4833,88,96,2.35
229,Rancho Palos Verdes,US,2022-08-07 23:25:17,98.42,33.7445,-118.387,67,20,17.27
230,Pacific Grove,US,2022-08-07 23:25:17,78.03,36.6177,-121.9166,73,0,11.01
231,Bajil,YE,2022-08-07 23:25:18,86.88,15.0584,43.2851,66,96,6.96
232,Awbari,LY,2022-08-07 23:25:18,85.24,26.5921,12.7805,21,0,9.42
233,West Bay,KY,2022-08-07 23:25:18,87.87,19.3667,-81.4167,74,40,10.36
234,Codrington,AU,2022-08-07 23:25:19,43.11,-38.2667,141.9667,79,4,6.49
235,Biak,ID,2022-08-07 23:25:19,75.94,-0.9131,122.8766,84,100,4.99
236,Alexandria,EG,2022-08-07 23:25:19,77.54,31.2156,29.9553,73,0,7.09
237,Half Moon Bay,US,2022-08-07 23:21:01,81.57,37.4636,-122.4286,62,75,20.71
238,Nayoro,JP,2022-08-07 23:25:20,70.68,44.3506,142.4578,90,100,6.02
239,Bereda,ES,2022-08-07 23:22:19,66.42,43.2686,-7.5406,100,68,6.64
240,Yingkou,CN,2022-08-07 23:25:20,73.24,40.6648,122.2283,87,70,16.51
241,Igrim,RU,2022-08-07 23:25:21,65.07,63.1906,64.4162,69,6,5.08
242,Waddan,LY,2022-08-07 23:23:37,81.45,29.1614,16.139,40,0,9.04
243,Douglas,US,2022-08-07 23:20:50,91.58,41.3,-96.167,71,0,10.36
244,Camana,PE,2022-08-07 23:25:21,60.51,-16.6228,-72.7111,83,64,8.99
245,Pangnirtung,CA,2022-08-07 23:25:22,44.92,66.1451,-65.7125,85,97,2.46
246,Adrar,MR,2022-08-07 23:25:22,100.0,20.5022,-10.0711,18,69,1.99
247,Le Vauclin,MQ,2022-08-07 23:25:22,81.84,14.5452,-60.8388,89,75,11.5
248,Kavaratti,IN,2022-08-07 23:25:23,80.47,10.5669,72.642,84,99,23.17
249,Puerto Maldonado,PE,2022-08-07 23:25:23,72.68,-12.6,-69.1833,97,82,2.71
250,Gornyy,RU,2022-08-07 23:25:23,55.99,55.1153,83.9059,95,82,3.11
251,Tezu,IN,2022-08-07 23:25:24,77.65,27.9167,96.1667,88,57,4.27
252,Morgan Hill,US,2022-08-07 23:25:24,85.95,37.1305,-121.6544,42,0,12.66
253,Cockburn Town,TC,2022-08-07 23:25:24,84.16,21.4612,-71.1419,74,75,13.8
254,Yerbogachen,RU,2022-08-07 23:25:25,49.01,61.2767,108.0108,95,100,5.95
255,Krasne,UA,2022-08-07 23:25:25,61.52,49.9145,24.6134,65,97,4.16
256,Almaznyy,RU,2022-08-07 23:25:25,71.31,48.0448,40.045,31,19,7.9
257,Suntar,RU,2022-08-07 23:25:26,54.59,62.1444,117.6319,78,80,3.56
258,Westport,US,2022-08-07 23:24:26,87.12,41.1415,-73.3579,67,0,16.11
259,Mangai,CD,2022-08-07 23:25:26,78.13,-4.05,19.5333,44,96,2.73
260,Castro,BR,2022-08-07 23:20:46,56.97,-24.7911,-50.0119,96,100,4.23
261,Mahbubabad,IN,2022-08-07 23:25:27,74.73,17.6167,80.0167,96,100,10.87
262,Alta Floresta,BR,2022-08-07 23:25:27,77.86,-9.8756,-56.0861,67,69,2.95
263,Goose Creek,US,2022-08-07 23:22:22,82.89,32.981,-80.0326,80,75,6.91
264,Madimba,TZ,2022-08-07 23:25:27,69.62,-10.4,40.3333,84,1,8.03
265,Saint-Pierre,RE,2022-08-07 23:25:28,67.68,-21.3393,55.4781,70,20,6.91
266,Umkomaas,ZA,2022-08-07 23:25:28,67.6,-30.2067,30.7978,92,89,14.5
267,Gambela,ET,2022-08-07 23:25:28,67.86,8.25,34.5833,96,99,2.84
268,Mahajanga,MG,2022-08-07 23:25:29,62.62,-15.7167,46.3167,94,0,3.44
269,Wanning,CN,2022-08-07 23:25:29,80.28,18.8003,110.3967,88,100,4.18
270,Yar-Sale,RU,2022-08-07 23:25:29,64.58,66.8333,70.8333,76,0,10.02
271,San Cristobal,VE,2022-08-07 23:21:34,77.18,7.7669,-72.225,76,95,3.4
272,Lodja,CD,2022-08-07 23:25:29,73.65,-3.4833,23.4333,59,69,1.23
273,Yulara,AU,2022-08-07 23:26:30,49.42,-25.2406,130.9889,43,0,11.12
274,Chuy,UY,2022-08-07 23:26:30,47.32,-33.6971,-53.4616,87,14,7.38
275,Guarapari,BR,2022-08-07 23:26:31,73.89,-20.6667,-40.4975,85,10,14.05
276,Ryotsu,JP,2022-08-07 23:26:31,82.94,38.0833,138.4333,78,93,7.92
277,Kuna,US,2022-08-07 23:26:31,97.05,43.4918,-116.4201,15,0,7.0
278,Manta,EC,2022-08-07 23:26:32,73.18,-0.95,-80.7333,78,40,8.05
279,Jalu,LY,2022-08-07 23:26:32,79.7,29.0331,21.5482,57,0,11.63
280,Buraydah,SA,2022-08-07 23:26:32,99.05,26.326,43.975,18,27,11.43
281,Coria,ES,2022-08-07 23:26:32,79.45,39.9879,-6.5377,31,0,3.89
282,Labuhan,ID,2022-08-07 23:26:33,74.46,-6.8844,112.2051,87,7,9.1
283,At-Bashi,KG,2022-08-07 23:26:33,56.16,41.1702,75.8106,73,70,1.16
284,Matay,EG,2022-08-07 23:26:33,85.6,28.419,30.7792,33,1,5.46
285,Hoquiam,US,2022-08-07 23:26:34,99.36,46.9809,-123.8893,33,0,9.22
286,Hofn,IS,2022-08-07 23:26:34,52.16,64.2539,-15.2082,89,99,16.46
287,Dubai,AE,2022-08-07 23:23:13,100.33,25.2582,55.3047,37,0,3.44
288,Batemans Bay,AU,2022-08-07 23:26:29,52.11,-35.7167,150.1833,73,13,4.94
289,Alice Springs,AU,2022-08-07 23:26:34,51.22,-23.7,133.8833,43,0,1.99
290,The Pas,CA,2022-08-07 23:26:35,77.02,53.8251,-101.2541,50,0,14.97
291,Kytmanovo,RU,2022-08-07 23:26:35,55.94,53.4593,85.4479,74,2,3.71
292,Turayf,SA,2022-08-07 23:26:35,86.25,31.6725,38.6637,42,0,10.36
293,Salzhemmendorf,DE,2022-08-07 23:26:36,62.6,52.067,9.5872,66,39,1.45
294,Port-Gentil,GA,2022-08-07 23:26:36,73.36,-0.7193,8.7815,83,20,6.91
295,Oudtshoorn,ZA,2022-08-07 23:26:36,55.76,-33.5907,22.2014,85,38,4.81
296,Clyde River,CA,2022-08-07 23:26:36,39.43,70.4692,-68.5914,87,40,6.91
297,Gisborne,NZ,2022-08-07 23:26:37,53.22,-38.6533,178.0042,84,95,3.44
298,Genhe,CN,2022-08-07 23:26:37,56.48,50.7833,121.5167,59,6,7.81
299,Varhaug,NO,2022-08-07 23:26:37,54.95,58.6147,5.6457,78,61,6.46
300,Verkhoyansk,RU,2022-08-07 23:26:38,65.75,67.5447,133.385,65,77,12.15
301,Cabo San Lucas,MX,2022-08-07 23:26:38,89.62,22.8909,-109.9124,75,100,8.05
302,Gazimurskiy Zavod,RU,2022-08-07 23:26:38,54.77,51.5461,118.3266,62,5,9.8
303,Faya,SA,2022-08-07 23:22:02,66.31,18.3851,42.4509,71,49,3.85
304,Tadine,NC,2022-08-07 23:26:39,76.87,-21.55,167.8833,76,1,7.02
305,Cayenne,GF,2022-08-07 23:24:24,83.08,4.9333,-52.3333,1,0,5.75
306,Te Anau,NZ,2022-08-07 23:26:39,35.73,-45.4167,167.7167,85,21,6.96
307,Hammerfest,NO,2022-08-07 23:26:40,48.65,70.6634,23.6821,87,100,10.36
308,Sibolga,ID,2022-08-07 23:26:40,74.91,1.7427,98.7792,89,95,3.18
309,Sayyan,YE,2022-08-07 23:26:40,63.59,15.1718,44.3244,66,51,2.98
310,Guerrero Negro,MX,2022-08-07 23:26:41,83.55,27.9769,-114.0611,60,96,16.62
311,Herat,AF,2022-08-07 23:26:41,75.99,34.5,62.0,27,0,9.71
312,Eureka,US,2022-08-07 23:26:41,74.68,40.8021,-124.1637,80,87,5.01
313,Lima,PE,2022-08-07 23:26:41,59.25,-12.0432,-77.0282,77,100,11.5
314,Cidreira,BR,2022-08-07 23:26:42,58.75,-30.1811,-50.2056,91,100,11.45
315,Tonj,SS,2022-08-07 23:26:42,70.36,7.2737,28.6822,96,100,4.23
316,Provideniya,RU,2022-08-07 23:26:42,42.91,64.3833,-173.3,75,75,20.13
317,Zapolyarnyy,RU,2022-08-07 23:26:43,47.48,69.4154,30.8136,90,97,17.25
318,Tolga,DZ,2022-08-07 23:26:43,94.01,34.7222,5.3785,20,0,10.63
319,Upington,ZA,2022-08-07 23:26:43,48.58,-28.4478,21.2561,71,0,8.05
320,Krasnyy Chikoy,RU,2022-08-07 23:26:44,51.35,50.3643,108.7512,75,21,2.53
321,Gat,IL,2022-08-07 23:22:22,77.68,31.61,34.7642,66,0,1.25
322,Parkersburg,US,2022-08-07 23:27:44,83.01,39.2667,-81.5615,76,0,5.75
323,Tamandare,BR,2022-08-07 23:27:44,76.32,-8.7597,-35.1047,64,67,8.72
324,Saint George,US,2022-08-07 23:27:45,103.95,37.1041,-113.5841,14,0,7.0
325,Ranong,TH,2022-08-07 23:27:45,78.73,9.9658,98.6348,87,100,10.54
326,Muzhi,RU,2022-08-07 23:27:45,67.32,65.3667,64.6667,65,0,7.92
327,Phan Thiet,VN,2022-08-07 23:27:09,76.05,10.9333,108.1,85,100,9.33
328,Anchorage,US,2022-08-07 23:23:53,62.94,61.2181,-149.9003,61,100,26.46
329,West Wendover,US,2022-08-07 23:27:46,81.61,40.7391,-114.0733,42,0,5.75
330,Vila Franca Do Campo,PT,2022-08-07 23:23:18,72.01,37.7167,-25.4333,88,34,7.09
331,Roebourne,AU,2022-08-07 23:27:46,63.46,-20.7833,117.1333,26,0,7.85
332,Broken Hill,AU,2022-08-07 23:26:16,49.75,-31.95,141.4333,66,5,6.87
333,Swift Current,CA,2022-08-07 23:27:47,86.81,50.2834,-107.8014,23,0,10.36
334,San Vicente,AR,2022-08-07 23:27:47,57.2,-26.6167,-54.1333,100,100,1.72
335,Hamilton,US,2022-08-07 23:23:47,89.26,39.1834,-84.5333,71,0,8.05
336,Husavik,IS,2022-08-07 23:27:47,52.29,66.0449,-17.3389,95,98,3.09
337,Ola,RU,2022-08-07 23:27:48,58.6,59.5833,151.2833,72,72,4.94
338,Grand-Santi,GF,2022-08-07 23:27:48,77.77,4.25,-54.3833,75,86,1.7
339,Voyvozh,RU,2022-08-07 23:27:48,66.58,62.892,54.9635,67,43,5.7
340,Grindavik,IS,2022-08-07 23:27:49,50.47,63.8424,-22.4338,93,75,14.97
341,Kolondieba,ML,2022-08-07 23:27:49,74.86,11.0882,-6.8926,85,18,4.7
342,Puerto Narino,CO,2022-08-07 23:22:58,77.7,-3.7703,-70.3831,82,95,1.16
343,Constitucion,CL,2022-08-07 23:27:49,48.81,-35.3333,-72.4167,87,16,9.13
344,Airai,TL,2022-08-07 23:27:50,62.15,-8.9266,125.4092,53,18,2.93
345,Chimbote,PE,2022-08-07 23:24:57,63.12,-9.0853,-78.5783,82,66,12.84
346,Lebu,CL,2022-08-07 23:27:50,46.51,-37.6167,-73.65,85,100,8.55
347,Sobolevo,RU,2022-08-07 23:27:51,52.18,54.4299,31.8996,96,2,6.53
348,Marawi,PH,2022-08-07 23:25:01,69.71,7.9986,124.2928,94,86,2.71
349,Evensk,RU,2022-08-07 23:27:51,58.41,61.95,159.2333,78,100,1.21
350,Noumea,NC,2022-08-07 23:27:51,75.99,-22.2763,166.4572,99,65,8.32
351,Kibala,TD,2022-08-07 23:27:51,71.78,9.1104,18.3463,90,98,3.56
352,Ivdel,RU,2022-08-07 23:27:52,68.65,60.6911,60.4206,68,95,1.7
353,Lockport,US,2022-08-07 23:27:52,79.59,41.5895,-88.0578,90,100,0.0
354,Villacarrillo,ES,2022-08-07 23:27:52,74.95,38.1156,-3.0848,27,0,1.59
355,Chute-Aux-Outardes,CA,2022-08-07 23:27:53,64.38,49.1168,-68.399,63,40,6.91
356,Portland,US,2022-08-07 23:24:20,102.81,45.5234,-122.6762,22,20,12.66
357,Am Timan,TD,2022-08-07 23:27:53,71.46,11.0297,20.2827,94,67,6.46
358,Sipoo,FI,2022-08-07 23:27:53,58.82,60.3775,25.2691,90,0,4.61
359,The Valley,AI,2022-08-07 23:27:53,83.1,18.217,-63.0578,83,40,12.66
360,Maniitsoq,GL,2022-08-07 23:27:54,40.1,65.4167,-52.9,94,100,2.86
361,Malartic,CA,2022-08-07 23:27:54,60.91,48.1335,-78.1328,77,91,7.0
362,Kozulka,UA,2022-08-07 23:27:54,61.11,50.0351,23.797,55,97,5.08
363,Oni,GE,2022-08-07 23:27:55,65.35,42.5794,43.4425,88,94,3.96
364,Port Blair,IN,2022-08-07 23:23:34,78.84,11.6667,92.75,89,100,6.91
365,Boa Vista,BR,2022-08-07 23:26:32,87.78,2.8197,-60.6733,55,20,6.91
366,Ucluelet,CA,2022-08-07 23:27:55,80.91,48.9329,-125.5528,58,0,7.2
367,Puerto Del Rosario,ES,2022-08-07 23:27:55,73.15,28.5004,-13.8627,83,0,19.57
368,Itaituba,BR,2022-08-07 23:28:55,85.44,-4.2761,-55.9836,49,55,2.71
369,Tawang,IN,2022-08-07 23:28:56,54.79,27.5833,91.8667,89,31,5.5
370,Mackay,AU,2022-08-07 23:28:56,69.67,-21.15,149.2,56,3,13.73
371,Shimoda,JP,2022-08-07 23:24:08,84.56,34.6667,138.95,79,30,8.88
372,Malindi,KE,2022-08-07 23:28:57,73.85,-3.2175,40.1191,79,47,17.56
373,Tondano,ID,2022-08-07 23:28:57,69.89,1.3038,124.9112,91,100,0.27
374,Luanda,AO,2022-08-07 23:28:28,65.95,-8.8368,13.2343,92,0,5.95
375,Sola,VU,2022-08-07 23:28:57,79.81,-13.8833,167.55,76,17,6.44
376,Nishihara,JP,2022-08-07 23:28:58,85.68,26.1842,127.7558,74,20,6.91
377,Sereflikochisar,TR,2022-08-07 23:28:58,74.52,38.9393,33.5386,47,29,11.41
378,Astana,KZ,2022-08-07 23:28:58,60.75,51.1801,71.446,82,33,6.71
379,Te Karaka,NZ,2022-08-07 23:28:59,51.78,-38.4654,177.8679,97,100,1.77
380,Namatanai,PG,2022-08-07 23:28:59,82.6,-3.6667,152.4333,71,82,7.09
381,Marang,MY,2022-08-07 23:28:59,78.71,5.2056,103.2059,89,100,4.68
382,Solnechnyy,RU,2022-08-07 23:29:00,63.32,50.7214,136.6319,99,100,6.26
383,Fortuna,US,2022-08-07 23:29:00,70.93,40.5982,-124.1573,72,75,11.5
384,Tecoanapa,MX,2022-08-07 23:29:01,85.91,16.5167,-98.75,70,77,9.86
385,Hollins,US,2022-08-07 23:29:01,84.9,37.3413,-79.9431,81,75,5.75
386,Margate,GB,2022-08-07 23:29:01,62.69,51.3813,1.3862,76,6,1.99
387,Sungaipenuh,ID,2022-08-07 23:29:01,62.74,-2.0833,101.3833,96,60,2.17
388,Valleyview,CA,2022-08-07 23:29:02,77.04,55.0667,-117.2859,36,45,19.57
389,Sao Felipe,BR,2022-08-07 23:29:02,71.8,-14.8167,-41.3833,65,36,4.85
390,Panaba,MX,2022-08-07 23:29:03,86.2,21.2833,-88.2667,61,92,17.05
391,Balakhta,RU,2022-08-07 23:29:03,52.07,55.38,91.6,78,17,2.66
392,College,US,2022-08-07 23:29:03,60.58,64.8569,-147.8028,62,75,9.22
393,Sao Joao Da Barra,BR,2022-08-07 23:29:04,72.54,-21.6403,-41.0511,90,18,14.45
394,Popondetta,PG,2022-08-07 23:29:04,83.35,-8.7537,148.2534,63,17,0.65
395,Camopi,GF,2022-08-07 23:29:04,74.62,3.1655,-52.3158,80,72,3.8
396,Olafsvik,IS,2022-08-07 23:29:05,50.76,64.8945,-23.7142,84,72,18.14
397,Caraquet,CA,2022-08-07 23:29:05,72.14,47.7941,-64.9386,67,100,15.52
398,Shush,IR,2022-08-07 23:29:05,98.74,32.1942,48.2436,27,14,8.9
399,Saint Anthony,US,2022-08-07 23:29:05,74.35,45.0205,-93.218,75,100,9.22
400,Tolyatti,RU,2022-08-07 23:29:06,67.78,53.5303,49.3461,63,96,3.74
401,Vila Velha,BR,2022-08-07 23:29:06,75.15,-20.3297,-40.2925,82,0,16.11
402,Tygda,RU,2022-08-07 23:29:06,53.56,53.1167,126.3333,98,100,8.79
403,Montrose,US,2022-08-07 23:29:07,81.81,38.4166,-108.2673,17,14,9.64
404,Bilibino,RU,2022-08-07 23:29:07,45.36,68.0546,166.4372,52,11,4.0
405,Pecos,US,2022-08-07 23:29:07,97.63,31.4229,-103.4932,24,75,11.5
406,Haimen,CN,2022-08-07 23:29:08,82.29,23.1935,116.6142,83,17,8.43
407,Zhoucheng,CN,2022-08-07 23:29:08,82.09,35.9122,116.3117,86,82,5.35
408,Doka,SD,2022-08-07 23:29:08,70.81,13.5167,35.7667,89,99,7.05
409,Laguna,US,2022-08-07 23:29:09,96.35,38.421,-121.4238,32,0,10.36
410,Mackenzie,CA,2022-08-07 23:29:09,73.62,55.2999,-123.1698,38,0,13.8
411,Byron Bay,AU,2022-08-07 23:26:31,59.94,-28.65,153.6167,59,0,10.56
412,Pontal Do Parana,BR,2022-08-07 23:29:09,63.43,-25.6533,-48.5128,97,100,0.58
413,Baghdad,IQ,2022-08-07 23:29:08,89.51,33.3406,44.4009,31,0,4.61
414,Masalli,KR,2022-08-07 23:29:10,83.88,34.7959,126.6553,83,100,11.39
415,Shache,CN,2022-08-07 23:30:10,82.71,38.4167,77.2406,48,86,7.99
416,Morondava,MG,2022-08-07 23:30:11,66.72,-20.2833,44.2833,76,0,3.87
417,Lavrentiya,RU,2022-08-07 23:30:12,39.02,65.5833,-171.0,74,100,18.63
418,Zhezkazgan,KZ,2022-08-07 23:30:12,67.26,47.8043,67.7144,44,49,10.02
419,Valdez,EC,2022-08-07 23:30:13,76.84,1.2492,-78.9831,84,55,9.69
420,Umtata,ZA,2022-08-07 23:30:13,56.61,-31.5889,28.7844,94,77,5.7
421,Bocana De Paiwas,NI,2022-08-07 23:30:13,74.01,12.7857,-85.1227,95,100,9.31
422,Busayra,JO,2022-08-07 23:30:14,73.38,30.7376,35.6078,47,3,3.67
423,Korla,CN,2022-08-07 23:30:14,82.22,41.7597,86.1469,29,4,1.61
424,Urubicha,BO,2022-08-07 23:30:15,71.64,-15.3833,-62.95,83,70,1.21
425,Hervey Bay,AU,2022-08-07 23:30:15,62.02,-25.2986,152.8535,59,0,13.0
426,Tay Ninh,VN,2022-08-07 23:30:16,74.88,11.3,106.1,91,100,2.73
427,Werda,BW,2022-08-07 23:30:16,57.88,-25.2667,23.2833,37,32,8.88
428,Greenfield,US,2022-08-07 23:30:16,80.56,42.9614,-88.0126,78,75,6.91
429,Rocha,UY,2022-08-07 23:30:17,43.47,-34.4833,-54.3333,90,92,4.14
430,Antigonish,CA,2022-08-07 23:30:17,84.81,45.6169,-61.9986,57,73,12.66
431,Milkovo,RU,2022-08-07 23:30:17,76.6,54.7167,158.6167,56,21,1.34
432,Ust-Omchug,RU,2022-08-07 23:30:18,67.82,61.15,149.6333,42,6,4.81
433,Axim,GH,2022-08-07 23:30:18,73.76,4.8699,-2.2405,80,22,10.87
434,Conceicao Do Araguaia,BR,2022-08-07 23:30:18,81.37,-8.2578,-49.2647,31,22,3.36
435,Iskateley,RU,2022-08-07 23:30:14,57.79,67.6803,53.1512,83,94,9.01
436,Dandong,CN,2022-08-07 23:30:19,79.79,40.1292,124.3947,90,99,5.39
437,Camacari,BR,2022-08-07 23:25:35,76.77,-12.6975,-38.3242,81,1,4.81
438,Sokoto,NG,2022-08-07 23:30:19,81.61,13.0609,5.239,68,73,10.92
439,Erenhot,CN,2022-08-07 23:30:20,68.23,43.6475,111.9767,47,83,9.84
440,Fukue,JP,2022-08-07 23:30:20,84.56,32.6881,128.8419,89,40,8.05
441,Adjumani,UG,2022-08-07 23:30:20,65.23,3.3779,31.7909,96,89,2.75
442,Nsoko,SZ,2022-08-07 23:30:21,63.66,-27.0333,31.95,97,20,3.85
443,Alasehir,TR,2022-08-07 23:30:21,72.91,38.3508,28.5172,66,8,4.03
444,Joshimath,IN,2022-08-07 23:30:21,70.59,30.5667,79.5667,79,100,2.68
445,Wajima,JP,2022-08-07 23:28:58,86.68,37.4,136.9,74,0,12.66
446,Zaysan,KZ,2022-08-07 23:30:22,66.99,47.4667,84.8667,44,59,3.06
447,Ibia,BR,2022-08-07 23:30:22,78.26,-19.4783,-46.5389,37,63,3.76
448,Jijiga,ET,2022-08-07 23:29:01,65.7,9.35,42.8,57,65,21.52
449,Beloha,MG,2022-08-07 23:30:23,60.1,-25.1667,45.05,93,0,6.51
450,Jumla,NP,2022-08-07 23:30:23,58.89,29.2747,82.1838,87,84,3.6
451,Egvekinot,RU,2022-08-07 23:30:23,40.42,66.3167,-179.1667,39,62,14.2
452,Andenes,NO,2022-08-07 23:30:24,49.98,69.3143,16.1194,81,100,12.66
453,Pozo Colorado,PY,2022-08-07 23:30:24,59.29,-23.4923,-58.7972,97,100,6.04
454,Appleton,US,2022-08-07 23:27:04,70.9,44.2619,-88.4154,98,100,6.91
455,Si Bun Ruang,TH,2022-08-07 23:30:24,73.99,16.9667,102.2833,97,100,2.51
456,Aklavik,CA,2022-08-07 23:30:25,56.41,68.2191,-135.0107,59,91,6.11
457,Banda Aceh,ID,2022-08-07 23:30:25,78.69,5.5577,95.3222,74,94,12.53
458,Fuerte Olimpo,PY,2022-08-07 23:30:25,70.2,-21.0415,-57.8738,93,100,0.67
459,Kudahuvadhoo,MV,2022-08-07 23:30:26,81.7,2.6708,72.8944,75,96,11.81
460,Salinas,US,2022-08-07 23:26:20,85.01,36.6777,-121.6555,61,0,16.11
461,Bratsk,RU,2022-08-07 23:30:26,55.89,56.1325,101.6142,72,98,3.24
462,Santa Cruz,BO,2022-08-07 23:28:58,69.26,-17.8,-63.1667,100,100,9.22
463,Mezobereny,HU,2022-08-07 23:31:27,70.02,46.8167,21.0333,49,44,10.63
464,Narsaq,GL,2022-08-07 23:31:27,46.62,60.9167,-46.05,77,2,1.52
465,Kintinku,TZ,2022-08-07 23:31:28,64.35,-5.8833,35.2333,48,41,0.31
466,Sechura,PE,2022-08-07 23:31:28,65.89,-5.5569,-80.8222,71,6,17.0
467,Waikuku,NZ,2022-08-07 23:31:28,45.01,-43.3,172.6833,83,100,15.35
468,Coquimbo,CL,2022-08-07 23:31:29,56.93,-29.9533,-71.3436,71,0,6.91
469,Russell,US,2022-08-07 23:31:29,87.03,32.3502,-85.1999,78,75,4.61
470,Southbridge,US,2022-08-07 23:31:29,86.36,42.0751,-72.0334,87,64,1.01
471,Caconda,AO,2022-08-07 23:31:30,57.9,-13.7333,15.0667,27,0,4.03
472,Porangatu,BR,2022-08-07 23:27:45,83.53,-13.4408,-49.1486,26,45,0.65
473,Urengoy,RU,2022-08-07 23:31:30,62.28,65.9667,78.3667,87,71,5.7
474,Lagoa,PT,2022-08-07 23:31:30,73.6,39.05,-27.9833,83,15,18.25
475,Lata,PT,2022-08-07 23:31:31,59.74,40.1629,-8.3327,91,0,2.44
476,Talnakh,RU,2022-08-07 23:31:31,54.21,69.4865,88.3972,97,100,6.17
477,Pinheiro,BR,2022-08-07 23:26:54,75.81,-2.5214,-45.0825,86,31,4.45
478,Callaway,US,2022-08-07 23:31:32,76.93,30.153,-85.5699,95,0,4.61
479,Zarand,IR,2022-08-07 23:31:32,75.97,30.8127,56.564,23,0,4.68
480,Olga,RU,2022-08-07 23:31:33,74.05,43.7444,135.2892,98,100,4.81
481,Singkang,MY,2022-08-07 23:31:33,75.72,2.1006,102.7994,93,42,2.17
482,Tona,ES,2022-08-07 23:31:33,73.0,41.8464,2.2251,89,92,4.68
483,Livingston,GB,2022-08-07 23:31:34,58.21,55.9029,-3.5226,84,0,8.05
484,Birao,CF,2022-08-07 23:31:34,70.97,10.2849,22.7882,98,93,5.26
485,Halberstadt,DE,2022-08-07 23:31:34,61.25,51.9,11.05,57,28,1.23
486,Kahului,US,2022-08-07 23:31:34,93.22,20.8947,-156.47,38,20,20.71
487,Sioux Lookout,CA,2022-08-07 23:31:35,68.07,50.1001,-91.917,49,75,4.61
488,Murgab,TM,2022-08-07 23:31:35,76.87,37.4966,61.9714,44,0,4.61
489,Woodward,US,2022-08-07 23:31:36,99.63,36.4337,-99.3904,26,0,13.8
490,Black River,JM,2022-08-07 23:31:36,81.63,18.0264,-77.8487,77,85,2.13
491,Quatre Cocos,MU,2022-08-07 23:31:36,66.09,-20.2078,57.7625,78,16,7.45
492,Umm Lajj,SA,2022-08-07 23:31:37,87.12,25.0213,37.2685,78,97,11.32
493,Paita,PE,2022-08-07 23:31:37,65.1,-5.0892,-81.1144,78,3,16.73
494,Blumenau,BR,2022-08-07 23:31:38,63.09,-26.9194,-49.0661,56,100,1.66
495,Peniche,PT,2022-08-07 23:26:50,65.28,39.3558,-9.3811,94,0,5.12
496,Rafai,CF,2022-08-07 23:31:38,67.12,4.95,23.9167,99,96,0.56
497,Pemangkat,ID,2022-08-07 23:31:38,77.95,1.1667,108.9667,85,56,9.17
498,Emborion,GR,2022-08-07 23:31:39,70.3,40.4833,21.55,69,80,1.9
499,Odweyne,SO,2022-08-07 23:31:39,73.38,9.4092,45.064,47,69,17.65
500,Humboldt,US,2022-08-07 23:31:40,66.6,40.6665,-123.9178,61,28,6.4
501,Snyder,US,2022-08-07 23:31:40,95.34,32.7179,-100.9176,26,40,9.22
502,Geraldton,AU,2022-08-07 23:31:40,50.41,-28.7667,114.6,93,5,13.8
503,Goderich,CA,2022-08-07 23:30:28,77.32,43.7501,-81.7165,83,100,9.22
504,Los Llanos De Aridane,ES,2022-08-07 23:31:41,69.55,28.6585,-17.9182,78,100,16.11
505,Basay,PH,2022-08-07 23:31:41,77.13,9.4087,122.64,84,100,6.26
506,Bonthe,SL,2022-08-07 23:31:41,75.54,7.5264,-12.505,87,84,8.14
507,Richards Bay,ZA,2022-08-07 23:31:42,66.88,-28.783,32.0377,92,78,10.65
508,Oksfjord,NO,2022-08-07 23:31:42,51.87,70.2396,22.3479,92,100,9.33
509,Komsomolskiy,UZ,2022-08-07 23:31:42,77.25,40.4272,71.7189,27,11,2.35
510,Uruzgan,AF,2022-08-07 23:31:43,73.33,32.8333,66.0,15,0,4.32
511,Saldanha,ZA,2022-08-07 23:32:43,53.65,-33.0117,17.9442,90,21,11.63
512,Isla Vista,US,2022-08-07 23:32:43,90.45,34.4133,-119.861,54,0,9.22
513,Deputatskiy,RU,2022-08-07 23:32:44,50.29,69.3,139.9,88,100,4.81
514,Alofi,NU,2022-08-07 23:32:44,82.29,-19.0595,-169.9187,65,8,13.8
515,Sulangan,PH,2022-08-07 23:32:45,81.27,11.1373,123.7228,75,99,6.78
516,Pangai,TO,2022-08-07 23:32:45,80.71,-19.8,-174.35,89,20,11.5
517,Tazmalt,DZ,2022-08-07 23:32:45,77.5,36.3868,4.3989,37,0,3.04
518,Eydhafushi,MV,2022-08-07 23:32:45,80.73,5.1033,73.0708,81,100,16.2
519,Saint Augustine,US,2022-08-07 23:29:05,86.14,29.8947,-81.3145,78,40,12.66
520,Tocopilla,CL,2022-08-07 23:31:54,60.19,-22.092,-70.1979,67,5,3.49
521,Alcudia,ES,2022-08-07 23:30:39,82.2,39.8532,3.1214,66,2,1.86
522,Cordoba,AR,2022-08-07 23:30:27,53.76,-31.4135,-64.1811,65,0,4.61
523,Kabinda,CD,2022-08-07 23:32:46,69.93,-6.1333,24.4833,36,77,4.79
524,Bintulu,MY,2022-08-07 23:27:59,75.61,3.1667,113.0333,94,20,4.61
525,Bagdarin,RU,2022-08-07 23:32:46,53.65,54.4333,113.6,61,57,6.29
526,Porkhov,RU,2022-08-07 23:32:47,55.9,57.765,29.5561,65,82,3.29
527,Kavieng,PG,2022-08-07 23:32:47,83.21,-2.5744,150.7967,73,69,13.02
528,Bernalillo,US,2022-08-07 23:32:47,90.93,35.05,-106.6673,38,40,12.66
529,Whitley Bay,GB,2022-08-07 23:32:48,62.51,55.0397,-1.4471,84,20,10.36
530,Kondinskoye,RU,2022-08-07 23:32:48,61.21,59.6481,67.41,72,46,1.57
531,Shahreza,IR,2022-08-07 23:32:48,77.07,32.0339,51.8794,36,34,2.82
532,High Level,CA,2022-08-07 23:32:49,74.95,58.5169,-117.136,37,72,10.13
533,Ereymentau,KZ,2022-08-07 23:32:49,59.43,51.6199,73.1033,87,93,5.14
534,Belyy Yar,RU,2022-08-07 23:32:49,49.86,53.6039,91.3903,86,0,0.0
535,Zhigansk,RU,2022-08-07 23:32:49,53.82,66.7697,123.3711,83,56,15.9
536,Oriximina,BR,2022-08-07 23:32:50,79.92,-1.7656,-55.8661,65,39,3.87
537,Gunupur,IN,2022-08-07 23:32:50,77.59,19.0833,83.8167,94,97,2.13
538,Eucaliptus,BO,2022-08-07 23:32:51,45.32,-17.5833,-67.5167,32,49,7.02
539,Hilsa,IN,2022-08-07 23:32:51,84.13,25.3167,85.2833,72,14,8.52
540,Salalah,OM,2022-08-07 23:32:52,75.29,17.0151,54.0924,100,100,2.3
541,Gizo,SB,2022-08-07 23:32:52,82.47,-8.103,156.8419,73,76,2.53
542,Zerbst,DE,2022-08-07 23:32:53,60.31,51.9667,12.0833,61,35,5.44
543,Severodvinsk,RU,2022-08-07 23:32:53,53.71,64.5635,39.8302,84,68,8.43
544,Grabovo,RU,2022-08-07 23:32:53,66.25,53.3875,45.064,61,49,2.19
545,Hami,CN,2022-08-07 23:32:54,84.43,42.8,93.45,24,19,10.51
546,Soyaux,FR,2022-08-07 23:32:54,72.68,45.65,0.2,34,37,10.36
547,Inhambane,MZ,2022-08-07 23:32:54,68.18,-23.865,35.3833,84,20,9.1
548,Mul,IN,2022-08-07 23:32:55,75.92,20.0667,79.6667,96,100,4.68
549,Maine-Soroa,NE,2022-08-07 23:32:55,79.47,13.2114,12.0241,73,100,8.28
550,Shenjiamen,CN,2022-08-07 23:32:55,82.99,29.9576,122.298,83,60,18.34
551,Amurzet,RU,2022-08-07 23:32:55,70.9,47.6967,131.0981,73,36,9.31
552,Kirkuk,IQ,2022-08-07 23:32:56,91.27,35.4681,44.3922,19,0,5.77
553,Port Dickson,MY,2022-08-07 23:32:56,75.42,2.5228,101.7959,79,91,6.51
554,Oussouye,SN,2022-08-07 23:32:56,78.98,12.485,-16.5469,93,100,2.51
555,Luba,GQ,2022-08-07 23:32:57,76.64,3.4568,8.5547,88,86,8.68
556,Gladstone,AU,2022-08-07 23:32:05,60.73,-23.85,151.25,55,0,5.75
557,Monrovia,LR,2022-08-07 23:33:57,75.47,6.3005,-10.7969,78,95,9.42
558,Dekar,BW,2022-08-07 23:33:58,65.03,-21.5333,21.9333,29,21,8.43
